business,company_name,deadline,keyword,link,location,position,salary_condition
"기업용 인공지능 일정관리 비서 서비스, 코노(Kono)",코노랩스,수시채용,"Java, Python, Node.js, jQuery, Amazon AWS, Back-end, 풀스택개발, 서버관리",https://www.rocketpunch.com/jobs/65886/%EB%B0%B1%EC%97%94%EB%93%9C-%EA%B0%9C%EB%B0%9C%EC%9E%90,서울특별시 서초구,백엔드 개발자,경력
인공지능 기반 사고 예측 외부 에어백 제품 'Air Guard'를 개발 중인 제이온가드 입니다.,제이온가드,수시채용,"Python, 딥러닝, 머신러닝, 인공지능, 기계학습, 영상처리 소프트웨어 알고리즘, 영어, 중국어",https://www.rocketpunch.com/jobs/66217/%EC%86%8C%ED%94%84%ED%8A%B8%EC%9B%A8%EC%96%B4-%EA%B0%9C%EB%B0%9C%EC%9E%90-%ED%8C%80%EC%9E%A5%EA%B8%89,원격근무 가능,소프트웨어 개발자 (팀장급),"0.1% - 2.0% / 인턴, 신입, 경력"
기업데이터 분석기반 전략컨설팅사 입니다.,데이터크런치,수시채용,"MySQL, Python, SQL, 빅데이터, 빅데이터 분석/인프라/가시화, 빅데이터 엔지니어, 빅데이터 마이닝, 데이터분석, 데이터, 데이터베이스, Big Data, Data Science, 데이터사이언스, 데이터마이닝, 머신러닝, 인공지능, 딥러닝, 기계학습, Datamining, deep-learning, R데이터분석, jupyter, jupyter notebook, R shiny, 마케팅분석, Marketing Analysis, scm, 통계학, R 통계, SAS, 영어",https://www.rocketpunch.com/jobs/49636/Data-Analyst-Data-Scientist,서울특별시 강남구,Data Analyst / Data Scientist,"5,000 - 15,000만원 / 경력"
"즐거운경험 0.8L(공팔리터) - 즐거운 경험, 리뷰를 즐기세요.",공팔리터,03.31 마감,"Python, Java, MySQL, AWS Data Pipeline",https://www.rocketpunch.com/jobs/70473/%EB%8D%B0%EC%9D%B4%ED%84%B0-%EC%97%94%EC%A7%80%EB%8B%88%EC%96%B4-%EC%B1%84%EC%9A%A9,서울특별시 강남구,데이터 엔지니어 채용,"3,000 - 6,000만원 / 경력"
"즐거운경험 0.8L(공팔리터) - 즐거운 경험, 리뷰를 즐기세요.",공팔리터,03.22 마감,"개발 , Java, SQL, Python, MySQL, 백엔드개발자, 개발자, 한국어",https://www.rocketpunch.com/jobs/70826/%EB%B0%B1%EC%97%94%EB%93%9C%EA%B0%9C%EB%B0%9C%EC%9E%90-%EC%B1%84%EC%9A%A9,서울특별시 강남구,백엔드개발자 채용,"3,000 - 8,000만원 / 1.0% - 5.0% / 경력"
산업IoT 및 빅데이터 기반 스마트팩토리를 개발합니다. H/W와 S/W 융합 플랫폼을 함께 만들어 보아요 :),울랄라랩,03.19 마감,"백엔드개발자, 서버개발자, Back-end, 스마트팩토리, Linux, PHP, MySQL, Python, InfluxDB, cloud, Java",https://www.rocketpunch.com/jobs/69735/%EC%9A%B8%EB%9E%84%EB%9D%BC%EB%9E%A9-%EC%8A%A4%EB%A7%88%ED%8A%B8%ED%8C%A9%ED%86%A0%EB%A6%AC-%EB%B0%B1%EC%97%94%EB%93%9C-%EA%B0%9C%EB%B0%9C%EC%9E%90%EB%A5%BC-%EA%B8%B0%EB%8B%A4%EB%A6%BD%EB%8B%88%EB%8B%A4%EA%B2%BD%EB%A0%A5-2%EB%85%84%EC%9D%B4%EC%83%81,경기도 안양시,[울랄라랩] 스마트팩토리 백엔드 개발자를 기다립니다.(경력 2년이상),"4,000 - 8,000만원 / 0.3% - 0.5% / 경력"
Intelligence Farming Company,(주)에이모,03.31 마감,"TensorFlow, Python, keras, PyTorch, Machine Learning , DeepLearning, computer-vision",https://www.rocketpunch.com/jobs/26953/Machine-Learning-Deep-Learning-Engineer-ResearcherComputer-Vision,경기도 성남시,"Machine Learning, Deep Learning Engineer & Researcher(Computer Vision)","신입, 경력"
딥러닝 기술을 이용한 이미지 & 로그 데이터 분석,아이덴티파이,03.31 마감,"Python, NumPy, Pandas, matplotlib, TensorFlow, scikit-learn, machine-learning, PyTorch, Machine Learning , 딥러닝, 머신러닝",https://www.rocketpunch.com/jobs/69287/%EB%A8%B8%EC%8B%A0%EB%9F%AC%EB%8B%9D-%EC%97%94%EC%A7%80%EB%8B%88%EC%96%B4,경기도 성남시,머신러닝 엔지니어,"5,000 - 6,000만원 / 0.5% - 1.0% / 신입, 경력"
Intelligence Farming Company,(주)에이모,03.31 마감,"Elasticsearch, Redis, Python, angular, Flask, Kubernetes, google-cloud-platform, Jenkins, SQLAlchemy, MongoDB, Docker",https://www.rocketpunch.com/jobs/46515/Backend-Software-Engineer,경기도 성남시,Backend Software Engineer,경력
딥러닝 기술을 이용한 이미지 & 로그 데이터 분석,아이덴티파이,03.31 마감,"jQuery, AngularJS, JavaScript, CSS3, Node.js, Ajax, Front-end, React, GitHub, Git, Python, Back-end, MongoDB, Django",https://www.rocketpunch.com/jobs/69282/%EC%9D%B8%EA%B3%B5%EC%A7%80%EB%8A%A5-%EC%86%94%EB%A3%A8%EC%85%98-%ED%94%8C%EB%9E%AB%ED%8F%BC-%EA%B0%9C%EB%B0%9C-SW-%EC%97%94%EC%A7%80%EB%8B%88%EC%96%B4,경기도 성남시,인공지능 솔루션 플랫폼 개발 SW 엔지니어,"4,000 - 5,200만원 / 0.5% - 1.0% / 신입, 경력"
"유튜브 인플루언서와 광고주 브랜드를 연결하는 마케팅 플랫폼, ""유커넥""",유커넥,03.31 마감,"full-stack development, Back-end, Front-end, Python, Django, Django REST framework, React, Redux, JavaScript, es6, MySQL, PostgreSQL, Amazon AWS, Git, GitLab, Asana",https://www.rocketpunch.com/jobs/48050/%EC%96%B4%EB%B2%A4%EC%A0%B8%EC%8A%A4-%ED%92%80%EC%8A%A4%ED%83%9D-%EA%B0%9C%EB%B0%9C%EC%9E%90-DjangoReact,서울특별시 강남구,"""어벤져스"" 풀스택 개발자 (Django/React)","3,600 - 10,000만원 / 최대 2.0% / 경력"
The Next Generation of Health Intelligence,에이아이트릭스,04.30 마감,"Linux, UNIX, RESTful-api, Amazon AWS, Django, bottle, sanic, Python, RDB/SQL, MySQL, PostgreSQL, NoSQL, Redis, Couchbase, TensorFlow, PyTorch, Docker, golang, Terraform, vault, spark, Back-end",https://www.rocketpunch.com/jobs/44937/Back-end-Software-Engineer,서울특별시 강남구,Back-end Software Engineer,"연봉 미기재 / 인턴, 신입, 경력"
"유튜브 인플루언서와 광고주 브랜드를 연결하는 마케팅 플랫폼, ""유커넥""",유커넥,03.31 마감,"backend developer, backend, devops, Python, Django, Django REST framework, django-celery, MySQL, PostgreSQL, Amazon AWS, NoSQL, Git, GitLab, gitlab-ci-runner, Asana, refactoring, rdbms, REST API",https://www.rocketpunch.com/jobs/68119/%EC%96%B4%EB%B2%A4%EC%A0%B8%EC%8A%A4-%EB%B0%B1%EC%97%94%EB%93%9C-%EA%B0%9C%EB%B0%9C%EC%9E%90,서울특별시 강남구,"""어벤져스"" 백엔드 개발자","4,000 - 10,000만원 / 최대 3.0% / 경력"
반려동물과 반려인을 위한 라이프스타일 디자인,퍼플네스트,04.30 마감,"Python, Django, Amazon AWS, Back-end, Git, GitHub, Agile Scrum, PostgreSQL, Redis, Azure Devops, 웹서비스, aws",https://www.rocketpunch.com/jobs/69968/%EB%B0%B1%EC%97%94%EB%93%9C-%EA%B0%9C%EB%B0%9C%EC%9E%90,서울특별시 중구,백엔드 개발자,"최소 5,500만원 / 경력"
매장 고객관리 플랫폼 '도도(dodo)'를 운영합니다.,스포카,수시채용,"안드로이드, Android, android플랫폼, Kotlin, Java, RESTful-api, TypeScript, Python, Rust, C, Haskell",https://www.rocketpunch.com/jobs/69688/%EC%95%88%EB%93%9C%EB%A1%9C%EC%9D%B4%EB%93%9C-%ED%94%84%EB%A1%9C%EA%B7%B8%EB%9E%98%EB%A8%B8,서울특별시 강남구,안드로이드 프로그래머,경력
에너지데이터를 활용한 산업용 AI 솔루션을 제공하는 미국 실리콘벨리 에너지스타트업,크로커스 에너지 코리아,04.30 마감,Python,https://www.rocketpunch.com/jobs/68465/%EC%97%90%EB%84%88%EC%A7%80%EB%B6%80%EB%AC%B8-Data-analysis-%EB%B6%84%EC%95%BC,서울특별시 강남구,[에너지부문] Data analysis 분야,"4,000 - 4,500만원 / 경력"
매장 고객관리 플랫폼 '도도(dodo)'를 운영합니다.,스포카,수시채용,"Python, 백엔드, 백엔드개발자, Back-end, rdbms, PostgreSQL, MSA, soa, 오픈소스, 테스트자동화, 빌드자동화, 지속적통합",https://www.rocketpunch.com/jobs/69686/%EB%B0%B1%EC%97%94%EB%93%9C-%ED%94%84%EB%A1%9C%EA%B7%B8%EB%9E%98%EB%A8%B8,서울특별시 강남구,백엔드 프로그래머,경력
딥러닝을 통한 의료빅데이터 유전체 분석,피디젠,03.19 마감,"TensorFlow, R, Python, k",https://www.rocketpunch.com/jobs/69728/Deep-learing%EC%9D%84-%ED%86%B5%ED%95%9C-%EC%9D%98%EB%A3%8C%EB%8D%B0%EC%9D%B4%ED%84%B0-%EB%B6%84%EC%84%9D,경기도 성남시,Deep-learing을 통한 의료데이터 분석,"3,000 - 4,000만원 / 신입, 경력"
마이뮤직테이스트는 IT와 음악에 대한 열정으로 전세계 공연 업계의 패러다임을 바꿀 수 있다고 믿는 사람들이 모여있습니다. 다양한 경험과 문화적 배경을 가진 직원들이 자유로운 분위기 속에서 전세계를 대상으로 능력을 발휘하고 있습니다. 이에 전세계 음악팬들을 위한 서비스를 함께 만들어갈 최고의 인재를 모시고자  노력을 아끼지 않고 있습니다.,마이뮤직테이스트,04.30 마감,"Java, Python",https://www.rocketpunch.com/jobs/64739/%EC%82%B0%EC%97%85%EA%B8%B0%EB%8A%A5%EC%9A%94%EC%9B%90%EB%B3%B4%EC%B6%A9%EC%97%AD-QA-Engineer,서울특별시 강남구,산업기능요원(보충역) QA Engineer,"신입, 경력"
"결제데이터를 실시간 수집 분석하여, 매출 관리를 효율적으로 할 수 있는 서비스를 개발/운영하고 있습니다.",누벤트,03.19 마감,"Python, MySQL, Back-end, Amazon AWS, Node.js, Flask, python flask, TensorFlow",https://www.rocketpunch.com/jobs/69726/%EB%B0%B1%EC%97%94%EB%93%9C-%EB%B0%8F-%EB%8D%B0%EC%9D%B4%ED%84%B0-%EC%97%94%EC%A7%80%EB%8B%88%EC%96%B4-%EC%B1%84%EC%9A%A9,서울특별시 강남구,백엔드 및 데이터 엔지니어 채용,"최소 3,500만원 / 경력"
마이뮤직테이스트는 IT와 음악에 대한 열정으로 전세계 공연 업계의 패러다임을 바꿀 수 있다고 믿는 사람들이 모여있습니다. 다양한 경험과 문화적 배경을 가진 직원들이 자유로운 분위기 속에서 전세계를 대상으로 능력을 발휘하고 있습니다. 이에 전세계 음악팬들을 위한 서비스를 함께 만들어갈 최고의 인재를 모시고자  노력을 아끼지 않고 있습니다.,마이뮤직테이스트,수시채용,"Python, Java",https://www.rocketpunch.com/jobs/68912/%EC%82%B0%EC%97%85%EA%B8%B0%EB%8A%A5%EC%9A%94%EC%9B%90%EB%B3%B4%EC%B6%A9%EC%97%AD-Backend-Engineer,서울특별시 강남구,산업기능요원(보충역) Backend Engineer,"신입, 경력"
Eye-tracking technologies for Mobile/VR/AR devices,비주얼캠프,03.18 마감,"math,  Linear Algebra, C++, Python, optimization",https://www.rocketpunch.com/jobs/69659/%ED%98%84%EC%97%AD%EB%B3%91%ED%8A%B9-%EC%8B%9C%EC%84%A0%EC%B6%94%EC%A0%81-%EC%97%B0%EA%B5%AC%EA%B0%9C%EB%B0%9C-%EC%9D%B8%EC%9E%AC%EB%A5%BC-%EA%B5%AC%ED%95%A9%EB%8B%88%EB%8B%A4,경기도 성남시,[현역병특] 시선추적 연구개발 인재를 구합니다,"3,600 - 7,000만원 / 신입"
마이뮤직테이스트는 IT와 음악에 대한 열정으로 전세계 공연 업계의 패러다임을 바꿀 수 있다고 믿는 사람들이 모여있습니다. 다양한 경험과 문화적 배경을 가진 직원들이 자유로운 분위기 속에서 전세계를 대상으로 능력을 발휘하고 있습니다. 이에 전세계 음악팬들을 위한 서비스를 함께 만들어갈 최고의 인재를 모시고자  노력을 아끼지 않고 있습니다.,마이뮤직테이스트,수시채용,"데이터분석, 데이터 모델링, Python, 통계 분석, 머신러닝, 딥러닝",https://www.rocketpunch.com/jobs/70775/Data-Analyst,서울특별시 강남구,Data Analyst,경력
"외식 사업자를 위한, 믿을 수 있고 투명한 식재료 유통 플랫폼, 오더플러스",(주)엑스바엑스,수시채용,"iOS, Swift, Mobile Service, Mobile Applications, eCommerce, e-commerce, Python, Django, Android, Web Service, React.js, Vue.js, JavaScript, Electron.js, Java, Front-end",https://www.rocketpunch.com/jobs/47553/%ED%95%B5%EC%8B%AC%EA%B0%9C%EB%B0%9C%EC%9E%90-Full-Stack-%EA%B0%9C%EB%B0%9C%EC%9E%90-Android-iOS-Web-%EC%A4%91-2%EA%B0%9C-%EC%9D%B4%EC%83%81%EC%82%B0%EC%97%85%EA%B8%B0%EB%8A%A5%EC%9A%94%EC%9B%90-%EA%B0%80%EB%8A%A5,서울특별시 송파구,"[핵심개발자] Full-Stack 개발자 (Android, iOS, Web 중 2개 이상)[산업기능요원 가능]","3,600 - 8,000만원 / 0.5% - 5.0% / 경력"
마이뮤직테이스트는 IT와 음악에 대한 열정으로 전세계 공연 업계의 패러다임을 바꿀 수 있다고 믿는 사람들이 모여있습니다. 다양한 경험과 문화적 배경을 가진 직원들이 자유로운 분위기 속에서 전세계를 대상으로 능력을 발휘하고 있습니다. 이에 전세계 음악팬들을 위한 서비스를 함께 만들어갈 최고의 인재를 모시고자  노력을 아끼지 않고 있습니다.,마이뮤직테이스트,수시채용,"비즈니스분석, 데이터분석, 크롤링, Python, 인사이트, Machine Learning , 데이터 모델링, 마켓리서치, market research, 머신러닝, SQL, regression, decision-tree, Data Modeling,  Data analysis",https://www.rocketpunch.com/jobs/70204/Data-Analyst-Intern,서울특별시 강남구,Data Analyst Intern,인턴
"외식 사업자를 위한, 믿을 수 있고 투명한 식재료 유통 플랫폼, 오더플러스",(주)엑스바엑스,수시채용,"Mobile Service, Mobile Applications, eCommerce, e-commerce, Python, Django, Back-end, backend developer, REST API, RESTful-api, Elasticsearch, Elastic Search, Machine Learning , Azure Machine Learning, collaborative-filtering, Data Science, Data Engineering, MySQL, deep-learning, machine-learning, TensorFlow, 머신러닝, artificial-intelligence, 인공지능, 딥러닝, 기계학습, Data Modeling",https://www.rocketpunch.com/jobs/47552/Back-End-%EA%B0%9C%EB%B0%9C%EC%9E%90-Django-%EB%B3%91%EC%97%AD%ED%8A%B9%EB%A1%80-%EC%82%B0%EC%97%85%EA%B8%B0%EB%8A%A5%EC%9A%94%EC%9B%90-%EA%B0%80%EB%8A%A5,서울특별시 송파구,Back-End 개발자 (Django) [병역특례 산업기능요원 가능],"4,500 - 8,000만원 / 0.2% - 5.0% / 경력"
마이뮤직테이스트는 IT와 음악에 대한 열정으로 전세계 공연 업계의 패러다임을 바꿀 수 있다고 믿는 사람들이 모여있습니다. 다양한 경험과 문화적 배경을 가진 직원들이 자유로운 분위기 속에서 전세계를 대상으로 능력을 발휘하고 있습니다. 이에 전세계 음악팬들을 위한 서비스를 함께 만들어갈 최고의 인재를 모시고자  노력을 아끼지 않고 있습니다.,마이뮤직테이스트,수시채용,"google optimize, Optimizely, A/B Testing, Google BigQuery, tableau, R, Python, SQL, Google Analytics, Mixpanel, Google Marketing(Google Adwords/ Google Analytics/ Google Tag Manager), Funnel 분석, 그로스해킹, 통계학, 사용자 행동 분석, 시장조사,분석",https://www.rocketpunch.com/jobs/70349/Growth-Analyst,서울특별시 강남구,Growth Analyst,경력
온디맨드 패션 셰어링 플랫폼  '클로젯셰어'를 서비스하고 있습니다.,(주)더클로젯컴퍼니,03.31 마감,"Node.js, Java, JavaScript, jQuery, Python, MySQL, JSP, Amazon AWS, Back-end, Front-end, 서버관리, GitHub, Git, HTML5, spring-framework",https://www.rocketpunch.com/jobs/50447/%EA%B2%BD%EB%A0%A5-%EC%8B%A4%EB%A0%A5%EC%9E%88%EB%8A%94-JAVA-%EC%84%9C%EB%B2%84-%EA%B0%9C%EB%B0%9C-%EB%8B%B4%EB%8B%B9%EC%9E%90%EB%A5%BC-%EB%AA%A8%EC%8B%AD%EB%8B%88%EB%8B%A4,서울특별시 성동구,(경력) 실력있는 JAVA 서버 개발 담당자를 모십니다.,"4,000 - 6,000만원 / 경력"
White-label sticker API solution that empowers companies to provide great functional stickers,스티팝,수시채용,"Python, R, Scala, SQL, JavaScript",https://www.rocketpunch.com/jobs/68976/Data-Scientist,서울특별시 강남구,Data Scientist,경력
"금융을 쇼핑하다, 핀다",핀다,수시채용,"Amazon AWS, JavaScript, Node.js, React, Elasticsearch, MySQL, Python, Android, iOS, Front-end, Back-end, Git, 서버관리, 소프트웨어아키텍처, WordPress",https://www.rocketpunch.com/jobs/69133/Frontend-Developer%EA%B2%BD%EB%A0%A5,서울특별시 강남구,Frontend Developer(경력),경력
머신러닝/인공지능을 활용한 개인화 취향 분석 및 컨텐츠 추천 기술을 연구합니다.,라이앤캐처스,03.31 마감,"Java, Python, machine-learning, Datamining, matrix-factorization, data-structures, GitHub, agile, analytics, amazon-elb, recommendation, MySQL, MongoDB",https://www.rocketpunch.com/jobs/39479/%EB%8D%B0%EC%9D%B4%ED%84%B0-%EC%97%94%EC%A7%80%EB%8B%88%EC%96%B4-%EB%8D%B0%EC%9D%B4%ED%84%B0-PM-%EC%9C%BC%EB%A1%9C-%EC%84%B1%EC%9E%A5%ED%95%98%EA%B3%A0-%EC%8B%B6%EC%9D%80-%EA%B0%9C%EB%B0%9C%EC%9E%90-%EC%A7%80%EB%B6%84-%EC%B0%B8%EC%97%AC,경력,데이터 엔지니어 / 데이터 PM 으로 성장하고 싶은 개발자 (지분 참여),"최대 6,000만원 / 3.0% - 7.0% / 경력"
모바일 앱 사용자 행동 분석 솔루션 유저해빗을 개발하여 서비스 중인 데이터 기술 스타트업입니다.,유저해빗,03.31 마감,"Java, Python",https://www.rocketpunch.com/jobs/68986/%EB%AA%A8%EB%B0%94%EC%9D%BC-%EC%95%B1-%EB%B6%84%EC%84%9D-%EC%86%94%EB%A3%A8%EC%85%98-%EC%9B%B9-%EA%B0%9C%EB%B0%9C%EC%9E%905-10%EB%85%84%EC%B0%A8,서울특별시 마포구,모바일 앱 분석 솔루션: 웹 개발자(5-10년차),"5,000 - 6,000만원 / 경력"
머신러닝/인공지능을 활용한 개인화 취향 분석 및 컨텐츠 추천 기술을 연구합니다.,라이앤캐처스,수시채용,"Java, Python, machine-learning, Datamining, matrix-factorization, devops, data-structures, GitHub, agile, analytics, amazon-elb, Web Service, Django, Flask, Redis, recommendation",https://www.rocketpunch.com/jobs/4308/%EC%B6%94%EC%B2%9C%EC%97%94%EC%A7%84-Backend-%EA%B0%9C%EB%B0%9C-%EC%A7%80%EB%B6%84-%EC%B0%B8%EC%97%AC,경력,"추천엔진, Backend 개발 (지분 참여)","최소 5,000만원 / 1.0% - 3.0% / 경력"
Machine Learning made accessible and intuitive,엑스브레인,수시채용,"Python, Back-end, devops, software-architecture, Amazon AWS, Git, JavaScript, Hadoop, 백엔드, 소프트웨어아키텍처,  파이썬, 자바스크립트, 영어",https://www.rocketpunch.com/jobs/67479/Software-EngineerFrontend,서울특별시 중구,Software Engineer(Frontend),"3,000 - 10,000만원 / 경력"
심플! 편안한 해외직구 애프터바이! 국내 오픈마켓 같은 해외직구 서비스,아이디브,03.21 마감,"Android, iOS, PHP, Python, MySQL, Node.js, React, Back-end, Amazon AWS, Bootstrap, GitHub, Git, Kotlin, 영어, 일본어, 독일어",https://www.rocketpunch.com/jobs/69882/%ED%95%B4%EC%99%B8%EC%A7%81%EA%B5%AC-%EC%95%A0%ED%94%84%ED%84%B0%EB%B0%94%EC%9D%B4-PythonReact-%EA%B0%9C%EB%B0%9C%EC%9E%90-%EB%AA%A8%EC%8B%AD%EB%8B%88%EB%8B%A4,서울특별시 마포구,"해외직구 애프터바이 [Python,React 개발자] 모십니다!","최대 9,000만원 / 최대 3.0% / 경력"
Machine Learning made accessible and intuitive,엑스브레인,수시채용,"Python, Back-end, devops, software-architecture, Amazon AWS, Git, JavaScript, Hadoop, 백엔드, 소프트웨어아키텍처,  파이썬, 자바스크립트, 영어",https://www.rocketpunch.com/jobs/67477/Software-EngineerBackend,서울특별시 중구,Software Engineer(Backend),"3,000 - 10,000만원 / 신입, 경력"
강력한 기술과 재미있는 생각으로 드라이빙 라이프를 혁신하는 기업,엠투브,03.31 마감,"Android, iOS, Java, PHP, Node.js, JSP, AngularJS, MySQL, MongoDB, Python",https://www.rocketpunch.com/jobs/57749/%EC%98%81%EC%83%81%EC%B2%98%EB%A6%AC%EB%B9%85%EB%8D%B0%EC%9D%B4%ED%84%B0%EC%95%88%EB%93%9C%EB%A1%9C%EC%9D%B4%EB%93%9CIOS%EC%84%9C%EB%B2%84-%EB%B6%84%EC%95%BC-%EA%B0%9C%EB%B0%9C%EC%9E%90-%EB%AA%A8%EC%A7%91,"경기도 성남시, 경기도 군포시",영상처리/빅데이터/안드로이드/IOS/서버 분야 개발자 모집,"2,400 - 10,000만원 / 인턴, 신입, 경력"
No.1 모바일 패션 커머스 플랫폼,브랜디,수시채용,"PHP, Python, MySQL, Amazon AWS, Back-end, JavaScript, Vue.js, Front-end",https://www.rocketpunch.com/jobs/63994/%EB%B8%8C%EB%9E%9C%EB%94%94-Back-end-%EA%B0%9C%EB%B0%9C%EC%9E%90-%EB%B0%8F-%EC%9B%B9-%EA%B0%9C%EB%B0%9C%EC%9E%90,서울특별시 강남구,[브랜디] Back-end 개발자 및 웹 개발자,"3,000 - 7,000만원 / 신입, 경력"
We Rebuild Education,매스프레소,03.31 마감,"Python, Problem solving, algorithm",https://www.rocketpunch.com/jobs/70589/Math-Engine-Developer,서울특별시 강남구,Math Engine Developer,"3,500 - 6,000만원 / 인턴, 신입, 경력"
"실리콘밸리, 홍콩에 베이스를 둔 AI 기반 여행 서비스 회사입니다.",트래블플랜,03.31 마감,"Python, Django, PostgreSQL, Amazon AWS, Back-end, Aliyun cloud, Redis, 서버관리",https://www.rocketpunch.com/jobs/68865/%EB%B0%B1%EC%97%94%EB%93%9C-%EA%B0%9C%EB%B0%9C%EC%9E%90-%EB%AA%A8%EC%A7%91-%EA%B2%BD%EB%A0%A5%EC%9E%90,"경기도 성남시, CA Santa Clara County, Hong Kong Island",백엔드 개발자 모집 (경력자),"4,000 - 7,000만원 / 경력"
애니메이션을 합법적으로 무료로 감상할 수 있는 서비스,리디(주) - 라프텔 사업본부,12.31 마감,"Python, Django, PostgreSQL, Amazon AWS, 영어",https://www.rocketpunch.com/jobs/63669/%EC%84%9C%EB%B2%84%EB%B0%B1%EC%97%94%EB%93%9C-%EA%B0%9C%EB%B0%9C%EC%9E%90,서울특별시 강남구,서버(백엔드) 개발자,"4,000 - 10,000만원 / 경력"
We are all influential,마켓잇,수시채용,"Android, iOS, PHP, Python, JSP, HTTP, RESTful-api, React.js, react-native, aws, MySQL, MongoDB, Go",https://www.rocketpunch.com/jobs/68430/%EC%9B%B9%EB%AA%A8%EB%B0%94%EC%9D%BC-%EA%B0%9C%EB%B0%9C%EC%9E%90,서울특별시 성동구,웹/모바일 개발자,경력
Maximizing Data. Maximizing Performance.,에이비일팔공,07.31 마감,"Hadoop, spark, Python, MySQL, Amazon AWS, Amazon EMR, druid, datawarehouse, Scala, Amazon DynamoDB, Elasticsearch, Redis, Git, nginx, Kafka, Amazon SQS, CircleCI, Jenkins, Airflow, 산업기능요원",https://www.rocketpunch.com/jobs/42600/%EB%8D%B0%EC%9D%B4%ED%84%B0-%EC%97%94%EC%A7%80%EB%8B%88%EC%96%B4,서울특별시 서초구,데이터 엔지니어,"6,000 - 120,000만원 / 경력"
기술을 통해 더 나은 미래교육을 만듭니다.,클래스팅,수시채용,"Java, Python, Node.js, JavaScript",https://www.rocketpunch.com/jobs/5206/React-Native-Engineer-%EB%AA%A8%EB%B0%94%EC%9D%BC-%EA%B0%9C%EB%B0%9C%EC%9E%90,서울특별시 강남구,React Native Engineer 모바일 개발자,"6,000 - 10,000만원 / 경력"
엘리스는 온라인 프로그래밍 교육 플랫폼입니다,엘리스,12.31 마감,Python,https://www.rocketpunch.com/jobs/44644/%EC%BB%A8%ED%85%90%EC%B8%A0-%EA%B0%9C%EB%B0%9C%EC%9E%90Contents-SW-Engineer%EC%A0%84%EB%AC%B8%EC%97%B0%EA%B5%AC%EC%9A%94%EC%9B%90-%EC%A7%80%EC%9B%90%EA%B0%80%EB%8A%A5,"서울특별시 서초구, 대전광역시 유성구",컨텐츠 개발자(Contents SW Engineer/전문연구요원 지원가능),"2,800 - 5,500만원 / 신입, 경력"
"세상에서 가장 큰 제품을 만드는, 드론 데이터 스타트업",엔젤스윙,수시채용,"Ruby On Rails, Python, C++, Amazon AWS, 영어",https://www.rocketpunch.com/jobs/65294/%EB%B0%B1%EC%97%94%EB%93%9C-%EC%97%94%EC%A7%80%EB%8B%88%EC%96%B4-%EC%82%B0%EC%97%85%EA%B8%B0%EB%8A%A5%EC%9A%94%EC%9B%90-%ED%95%99%EC%82%AC-%EC%A0%84%EC%A7%81-%EA%B0%80%EB%8A%A5,서울특별시 관악구,백엔드 엔지니어 (산업기능요원 학사 전직 가능),"신입, 경력"
엘리스는 온라인 프로그래밍 교육 플랫폼입니다,엘리스,03.28 마감,"Python, Back-end, PostgreSQL, 서버관리, Docker",https://www.rocketpunch.com/jobs/30704/%EB%B0%B1%EC%97%94%EB%93%9C-%EA%B0%9C%EB%B0%9C%EC%9E%90Backend-Software-Engineer%EC%A0%84%EB%AC%B8%EC%97%B0%EA%B5%AC%EC%9A%94%EC%9B%90-%EC%A7%80%EC%9B%90%EA%B0%80%EB%8A%A5,"서울특별시 서초구, 대전광역시 유성구",백엔드 개발자(Backend Software Engineer/전문연구요원 지원가능),"3,200 - 6,000만원 / 최대 1.0% / 신입, 경력"
P2P금융 국내 대표기업,에잇퍼센트,수시채용,"Python, Django, Back-end, GitHub, Git",https://www.rocketpunch.com/jobs/68088/8%ED%8D%BC%EC%84%BC%ED%8A%B8-Python-%EA%B0%9C%EB%B0%9C%EC%9E%90-%EC%8B%A0%EC%9E%85%EA%B2%BD%EB%A0%A5-%EC%82%B0%EC%97%85%EA%B8%B0%EB%8A%A5%EC%9A%94%EC%9B%90-%EC%A0%84%EC%A7%81%EB%B3%B4%EC%B6%A9%EC%97%AD-%EA%B0%80%EB%8A%A5,서울특별시 영등포구,"8퍼센트 Python 개발자 (신입/경력, 산업기능요원 전직/보충역 가능)","신입, 경력"
데이터킹(주)은 360°VR 및 빅데이터 융합기술벤처기업입니다,데이터킹,04.30 마감,"PHP, MySQL, Python, Java, Android, iOS, MongoDB, Node.js, 풀스택개발",https://www.rocketpunch.com/jobs/55061/%EB%B0%B1%EC%95%A4%EB%93%9C-SW%EA%B0%9C%EB%B0%9C%EC%9E%90%EC%A0%95%EA%B7%9C%EC%A7%81,경기도 안양시,백앤드  S/W개발자(정규직),"신입, 경력"
P2P금융 국내 대표기업,에잇퍼센트,수시채용,"Python, Django, Back-end, GitHub, Amazon AWS, Git, Front-end, Vue.js",https://www.rocketpunch.com/jobs/67439/8%ED%8D%BC%EC%84%BC%ED%8A%B8-Python-%EA%B0%9C%EB%B0%9C%EC%9E%90-%EC%8B%A0%EC%9E%85%EA%B2%BD%EB%A0%A5-%EC%82%B0%EC%97%85%EA%B8%B0%EB%8A%A5%EC%9A%94%EC%9B%90-%EC%A0%84%EC%A7%81%EB%B3%B4%EC%B6%A9%EC%97%AD-%EA%B0%80%EB%8A%A5,서울특별시 영등포구,"8퍼센트 Python 개발자 (신입/경력, 산업기능요원 전직/보충역 가능)","신입, 경력"
데이터킹(주)은 360°VR 및 빅데이터 융합기술벤처기업입니다,데이터킹,03.15 마감,"PHP, Python, Java, Android, iOS, MongoDB, Node.js, 풀스택개발, Web Service, Front-end",https://www.rocketpunch.com/jobs/25780/AdonisJS-ReactJS-%EB%B0%8F-%EA%B8%B0%ED%83%80-%EB%8F%84%EA%B5%AC-%EB%B0%8F-%ED%94%84%EB%A0%88%EC%9E%84-%EC%9B%8C%ED%81%AC%EB%A5%BC-%EA%B8%B0%EB%B0%98%EC%9C%BC%EB%A1%9C-%EC%9B%B9-%ED%94%84%EB%A1%9C%EC%A0%9D%ED%8A%B8%EB%A5%BC-%EC%88%98%ED%96%89-%ED%95%A0-%EC%86%8C%ED%94%84%ED%8A%B8%EC%9B%A8%EC%96%B4-%EC%97%94%EC%A7%80%EB%8B%88%EC%96%B4%EB%A5%BC-%EC%B0%BE%EA%B3%A0-%EC%9E%88%EC%8A%B5%EB%8B%88%EB%8B%A4,경기도 안양시,"- AdonisJS, ReactJS 및 기타 도구 및 프레임 워크를 기반으로 웹 프로젝트를 수행 할 소프트웨어 엔지니어를 찾고 있습니다","신입, 경력"
기업 복지 B2C 플랫폼 리프레쉬클럽과 프리미엄 골프시설 할인 이용 플랫폼인  리프레쉬골프를 운영하고 있습니다. :),에이치앤비라이프,03.31 마감,"python3, Django, Python, Django REST framework, aws-ec2, PostgreSQL",https://www.rocketpunch.com/jobs/62050/Python-Django-%EB%B0%B1%EC%97%94%EB%93%9C-%EA%B0%9C%EB%B0%9C%EC%9E%90,서울특별시 강남구,Python / Django 백엔드 개발자,"3,000 - 5,000만원 / 경력"
중산층을 위한 자산관리의 혁명,두물머리,04.15 마감,"Data Science, quantitative-finance, Python, Excel, machine-learning, artificial-intelligence, R, 한국어, 영어",https://www.rocketpunch.com/jobs/63964/%ED%80%80%ED%8A%B8-data-scientist,서울특별시 마포구,퀀트 / data scientist,"인턴, 신입, 경력"
대한민국 최초의 중고차 구독 서비스,더트라이브,03.29 마감,"react-native, JavaScript, Amazon AWS, Back-end, 풀스택개발, Python",https://www.rocketpunch.com/jobs/70230/APP-%EA%B0%9C%EB%B0%9C%EC%9E%90react-native,,APP 개발자(react native),경력
"'당뇨환자도 맛있게 먹을 권리가 있다'는 비전 아래, 당뇨 환자를 위한 식이요법을 연구하고 또 제공하고 있는 식이요법 연구기업입니다.",닥터키친,03.15 마감,"Python, Django, Amazon AWS, Back-end, 서버관리, 풀스택개발, GitHub, devops, React, JavaScript",https://www.rocketpunch.com/jobs/61776/%EB%B0%B1%EC%97%94%EB%93%9C-%EA%B0%9C%EB%B0%9C%EC%9E%90,서울특별시 서초구,백엔드 개발자,경력
새로운 시대를 향한 위대한 여정을 같이 할 당신을 기다립니다.,알투브이,03.31 마감,"Python, 스트리밍데이터, 데이터전처리, Kafka, Data Engineering, 데이터엔지니어, 빅데이터 엔지니어, 빅데이터, 데이터 엔지니어, 데이터, Data Science, bigdata, 데이터사이언스",https://www.rocketpunch.com/jobs/70001/%EB%8D%B0%EC%9D%B4%ED%84%B0-%EC%97%94%EC%A7%80%EB%8B%88%EC%96%B4,서울특별시 영등포구,데이터 엔지니어,"3,000 - 9,000만원 / 1.0% - 1.0% / 경력"
야생에서 살아남을수 있는 스타트업을 구축&육성.,와일드벤처스,03.28 마감,"Android, Java, Python, iOS, PHP, Node.js, Back-end, 서버관리, Amazon AWS, Front-end, 풀스택개발, JavaScript, MySQL",https://www.rocketpunch.com/jobs/70191/%EA%B0%9C%EB%B0%9C%EC%9E%90-%EC%A0%84%EA%B2%A9-%EB%AA%A8%EC%A7%91-%EC%97%B4%EC%A0%95-%ED%98%B9%EC%9D%80-%EC%8B%A4%EB%A0%A5-%EB%B3%B4%EC%9C%A0%ED%95%98%EC%8B%A0%EB%B6%84,원격근무 가능,개발자 전격 모집. 열정 혹은 실력 보유하신분,"0.1% - 20.0% / 인턴, 신입, 경력"
"프리미엄 모바일 소개팅 '아만다: 아무나 만나지 않는 당신을 위한 소개팅', '너랑나랑 - 매일 16명 소개팅' 개발 및 서비스사",넥스트매치,03.27 마감,"Ruby, Ruby On Rails, Python, Amazon AWS, Google Cloud Platform (GCP), TDD",https://www.rocketpunch.com/jobs/70146/%EC%A0%95%EA%B7%9C%EC%A7%81-%EC%A3%BC%EC%8B%9D%ED%9A%8C%EC%82%AC-%EB%84%A5%EC%8A%A4%ED%8A%B8%EB%A7%A4%EC%B9%98-%EC%84%9C%EB%B2%84-%EA%B0%9C%EB%B0%9C%EC%9E%90-%EB%AA%A8%EC%A7%91,서울특별시 강남구,[정규직] 주식회사 넥스트매치 - 서버 개발자 모집,경력
